claim_line_id,payer_id,provider_id,service_date,allowed_amount,paid_amount
CLM-000001,PAY-05,PRV-0065,2025-07-26,3626.61,4093.01
CLM-000143,PAY-04,PRV-0043,2025-07-26,1857.87,302.72
CLM-000193,PAY-05,PRV-0061,2025-07-26,309.73,2543.52
CLM-000227,PAY-01,PRV-0021,2025-07-26,3587.57,447.44
CLM-000279,PAY-02,PRV-0041,2025-07-26,3061.3,3534.38
CLM-000340,PAY-05,PRV-0018,2025-07-26,1651.36,4025.49
CLM-000411,PAY-04,PRV-0079,2025-07-26,2196.02,4163.98
CLM-000470,PAY-04,PRV-0009,2025-07-26,4744.93,112.74
CLM-000507,PAY-03,PRV-0012,2025-07-26,98.77,1080.19
CLM-000518,PAY-01,PRV-0016,2025-07-26,2228.94,518.54
CLM-000532,PAY-04,PRV-0002,2025-07-26,2158.94,3957.61
CLM-000535,PAY-03,PRV-0018,2025-07-26,251.85,92.41
CLM-000537,PAY-01,PRV-0053,2025-07-26,4370.37,2413.63
CLM-000540,PAY-03,PRV-0043,2025-07-26,4857.75,3224.63
CLM-000662,PAY-03,PRV-0080,2025-07-26,3503.44,1258.78
CLM-000731,PAY-02,PRV-0042,2025-07-26,280.71,796.88
CLM-000847,PAY-01,PRV-0048,2025-07-26,838.66,3156.66
CLM-000891,PAY-05,PRV-0006,2025-07-26,1027.34,413.82
CLM-000913,PAY-04,PRV-0002,2025-07-26,3563.82,3900.38
CLM-001001,PAY-05,PRV-0041,2025-07-26,1251.6,1395.91
CLM-001097,PAY-04,PRV-0010,2025-07-26,2671.94,3133.99
CLM-001110,PAY-04,PRV-0051,2025-07-26,2883.8,1423.75
CLM-001210,PAY-04,PRV-0078,2025-07-26,4249.76,3829.13
CLM-001244,PAY-04,PRV-0031,2025-07-26,1291.97,145.0
CLM-001249,PAY-05,PRV-0062,2025-07-26,1414.67,1640.25
CLM-001271,PAY-04,PRV-0060,2025-07-26,2862.35,417.02
CLM-001280,PAY-02,PRV-0059,2025-07-26,1638.64,2944.28
CLM-001302,PAY-05,PRV-0012,2025-07-26,865.38,1317.04
CLM-001369,PAY-03,PRV-0025,2025-07-26,2166.06,3161.87
CLM-001494,PAY-03,PRV-0021,2025-07-26,2534.62,3345.57
CLM-001495,PAY-02,PRV-0010,2025-07-26,1175.69,3297.78
CLM-001496,PAY-04,PRV-0028,2025-07-26,2755.99,703.59
CLM-001522,PAY-05,PRV-0069,2025-07-26,3310.0,3538.7
CLM-001525,PAY-04,PRV-0004,2025-07-26,4936.8,1178.78
CLM-001558,PAY-05,PRV-0044,2025-07-26,1557.25,1980.96
CLM-001562,PAY-03,PRV-0061,2025-07-26,1087.36,449.3
CLM-001566,PAY-04,PRV-0075,2025-07-26,848.46,2648.03
CLM-001585,PAY-03,PRV-0010,2025-07-26,2092.8,3622.21
CLM-001627,PAY-01,PRV-0059,2025-07-26,3092.79,2014.27
CLM-001645,PAY-04,PRV-0010,2025-07-26,4544.86,2840.09
CLM-001653,PAY-01,PRV-0021,2025-07-26,2998.56,2625.6
CLM-001732,PAY-01,PRV-0070,2025-07-26,4789.31,1133.22
CLM-001735,PAY-01,PRV-0041,2025-07-26,1944.01,195.26
CLM-001770,PAY-02,PRV-0047,2025-07-26,1416.52,1808.57
CLM-001780,PAY-03,PRV-0051,2025-07-26,4591.82,3995.74
CLM-001789,PAY-01,PRV-0017,2025-07-26,1996.58,707.42
CLM-001848,PAY-05,PRV-0039,2025-07-26,3247.63,269.34
CLM-001862,PAY-05,PRV-0052,2025-07-26,3946.33,2336.28
CLM-001871,PAY-04,PRV-0002,2025-07-26,511.71,4108.23
CLM-001945,PAY-01,PRV-0045,2025-07-26,2776.51,1298.17
CLM-001955,PAY-03,PRV-0016,2025-07-26,2843.77,1878.75
CLM-001992,PAY-02,PRV-0002,2025-07-26,3739.3,1851.54
CLM-001995,PAY-03,PRV-0070,2025-07-26,2042.08,3077.58
CLM-002007,PAY-04,PRV-0033,2025-07-26,2479.44,1746.88
CLM-002054,PAY-04,PRV-0045,2025-07-26,494.79,1654.9
CLM-002064,PAY-01,PRV-0075,2025-07-26,140.59,1662.26
CLM-002069,PAY-05,PRV-0047,2025-07-26,749.11,123.35
CLM-002078,PAY-05,PRV-0023,2025-07-26,97.18,784.43
CLM-002126,PAY-05,PRV-0034,2025-07-26,1353.05,3135.4
CLM-002139,PAY-02,PRV-0068,2025-07-26,746.48,4103.68
CLM-002160,PAY-03,PRV-0073,2025-07-26,3485.7,1049.06
CLM-002353,PAY-01,PRV-0077,2025-07-26,742.44,1350.28
CLM-002366,PAY-04,PRV-0033,2025-07-26,4898.11,789.4
CLM-002420,PAY-02,PRV-0040,2025-07-26,3408.75,2677.64
CLM-002457,PAY-04,PRV-0066,2025-07-26,4498.72,1442.55
CLM-002492,PAY-05,PRV-0002,2025-07-26,3603.16,1197.22
CLM-002600,PAY-03,PRV-0017,2025-07-26,158.4,1001.76
CLM-002632,PAY-04,PRV-0054,2025-07-26,4906.12,598.84
CLM-002706,PAY-03,PRV-0056,2025-07-26,1722.39,4359.19
CLM-002854,PAY-01,PRV-0078,2025-07-26,796.71,255.11
CLM-002868,PAY-03,PRV-0012,2025-07-26,3914.83,526.1
CLM-003076,PAY-03,PRV-0004,2025-07-26,4520.79,3820.39
CLM-003098,PAY-01,PRV-0058,2025-07-26,1590.94,4226.57
CLM-003102,PAY-02,PRV-0004,2025-07-26,2608.74,1585.0
CLM-003160,PAY-05,PRV-0042,2025-07-26,3493.51,1445.52
CLM-003216,PAY-01,PRV-0063,2025-07-26,4627.93,4442.0
CLM-003221,PAY-04,PRV-0010,2025-07-26,2602.5,708.98
CLM-003261,PAY-03,PRV-0079,2025-07-26,4141.66,1344.25
CLM-003311,PAY-02,PRV-0067,2025-07-26,1239.46,2267.25
CLM-003359,PAY-03,PRV-0042,2025-07-26,4432.82,3022.36
CLM-003399,PAY-02,PRV-0038,2025-07-26,3150.27,1117.61
CLM-003440,PAY-04,PRV-0048,2025-07-26,4569.97,1454.8
CLM-003452,PAY-04,PRV-0014,2025-07-26,3387.55,2570.58
CLM-003463,PAY-04,PRV-0072,2025-07-26,1966.77,2114.72
CLM-003640,PAY-01,PRV-0024,2025-07-26,1690.33,2690.31
CLM-003641,PAY-02,PRV-0015,2025-07-26,1144.43,3191.19
CLM-003696,PAY-01,PRV-0068,2025-07-26,3031.44,2620.75
CLM-003725,PAY-02,PRV-0064,2025-07-26,2191.88,4357.56
CLM-003781,PAY-05,PRV-0028,2025-07-26,2044.93,980.17
CLM-003804,PAY-04,PRV-0050,2025-07-26,3505.2,4252.68
CLM-003837,PAY-03,PRV-0050,2025-07-26,905.71,225.38
CLM-003949,PAY-01,PRV-0025,2025-07-26,1637.64,144.1
CLM-003950,PAY-01,PRV-0042,2025-07-26,3722.07,4346.92
CLM-003994,PAY-02,PRV-0048,2025-07-26,4117.08,1049.76
CLM-004064,PAY-02,PRV-0034,2025-07-26,4136.16,2638.59
CLM-004157,PAY-03,PRV-0036,2025-07-26,2435.19,1736.1
CLM-004161,PAY-03,PRV-0062,2025-07-26,1594.82,4022.55
CLM-004168,PAY-05,PRV-0010,2025-07-26,196.52,442.31
CLM-004184,PAY-05,PRV-0052,2025-07-26,4535.24,963.14
CLM-004464,PAY-01,PRV-0003,2025-07-26,2519.95,1135.38
CLM-004466,PAY-04,PRV-0075,2025-07-26,3323.97,2166.84
CLM-004512,PAY-03,PRV-0052,2025-07-26,1112.21,627.21
CLM-004532,PAY-02,PRV-0073,2025-07-26,4069.45,1118.29
CLM-004603,PAY-02,PRV-0036,2025-07-26,4981.17,741.98
CLM-004622,PAY-01,PRV-0050,2025-07-26,114.28,1970.47
CLM-004645,PAY-03,PRV-0064,2025-07-26,4151.11,4213.78
CLM-004658,PAY-04,PRV-0010,2025-07-26,4026.6,3139.59
CLM-004699,PAY-03,PRV-0055,2025-07-26,4185.45,2171.95
CLM-004745,PAY-02,PRV-0072,2025-07-26,2855.21,3045.9
CLM-004774,PAY-04,PRV-0002,2025-07-26,1052.77,1911.54
CLM-004791,PAY-04,PRV-0058,2025-07-26,2235.99,481.39
CLM-004888,PAY-03,PRV-0066,2025-07-26,1246.67,2151.15
CLM-004946,PAY-05,PRV-0056,2025-07-26,4254.42,1063.24
CLM-004952,PAY-04,PRV-0011,2025-07-26,2977.0,379.48
CLM-004959,PAY-03,PRV-0065,2025-07-26,4745.78,338.41
CLM-004987,PAY-03,PRV-0059,2025-07-26,2273.79,3556.48
CLM-005064,PAY-03,PRV-0024,2025-07-26,4786.56,234.29
CLM-005083,PAY-05,PRV-0019,2025-07-26,781.09,1068.01
CLM-005097,PAY-03,PRV-0006,2025-07-26,4914.17,141.0
CLM-005144,PAY-02,PRV-0019,2025-07-26,2443.04,2517.93
CLM-005167,PAY-02,PRV-0019,2025-07-26,2105.12,1404.25
CLM-005195,PAY-03,PRV-0055,2025-07-26,1682.51,1742.42
CLM-005315,PAY-02,PRV-0059,2025-07-26,2938.76,1081.95
CLM-005320,PAY-03,PRV-0050,2025-07-26,2027.02,2456.52
CLM-005366,PAY-03,PRV-0049,2025-07-26,4991.33,3648.2
CLM-005444,PAY-04,PRV-0032,2025-07-26,3305.84,1736.34
CLM-005451,PAY-02,PRV-0040,2025-07-26,2454.41,1810.29
CLM-005524,PAY-04,PRV-0009,2025-07-26,4330.0,1214.4
CLM-005570,PAY-03,PRV-0012,2025-07-26,338.59,1442.48
CLM-005623,PAY-05,PRV-0060,2025-07-26,265.96,1492.39
CLM-005641,PAY-01,PRV-0036,2025-07-26,827.33,2183.21
CLM-005710,PAY-02,PRV-0025,2025-07-26,359.99,295.94
CLM-005793,PAY-01,PRV-0027,2025-07-26,2435.95,2587.15
CLM-005862,PAY-03,PRV-0004,2025-07-26,3826.5,3393.23
CLM-005866,PAY-03,PRV-0005,2025-07-26,1414.4,1845.11
CLM-005871,PAY-02,PRV-0069,2025-07-26,1576.86,2117.59
CLM-005955,PAY-05,PRV-0005,2025-07-26,2452.31,1885.5
CLM-006101,PAY-03,PRV-0017,2025-07-26,4616.89,1979.78
CLM-006105,PAY-01,PRV-0077,2025-07-26,673.54,4454.59
CLM-006154,PAY-05,PRV-0053,2025-07-26,4906.08,4489.56
CLM-006223,PAY-03,PRV-0050,2025-07-26,3477.43,1412.23
CLM-006232,PAY-04,PRV-0059,2025-07-26,323.19,1074.19
CLM-006249,PAY-04,PRV-0022,2025-07-26,3744.7,1793.23
CLM-006265,PAY-05,PRV-0059,2025-07-26,3385.14,2598.68
CLM-006365,PAY-04,PRV-0027,2025-07-26,1997.51,2423.05
CLM-006435,PAY-01,PRV-0035,2025-07-26,3631.18,3045.28
CLM-006436,PAY-02,PRV-0050,2025-07-26,4845.87,3843.98
CLM-006439,PAY-01,PRV-0013,2025-07-26,2019.89,540.31
CLM-006489,PAY-04,PRV-0025,2025-07-26,1130.29,2073.19
CLM-006550,PAY-03,PRV-0024,2025-07-26,1202.21,2687.86
CLM-006557,PAY-02,PRV-0077,2025-07-26,2406.1,3591.72
CLM-006561,PAY-05,PRV-0066,2025-07-26,2170.04,156.03
CLM-006571,PAY-05,PRV-0004,2025-07-26,2905.77,2196.71
CLM-006682,PAY-02,PRV-0055,2025-07-26,1724.68,356.33
CLM-006711,PAY-01,PRV-0006,2025-07-26,710.19,913.92
CLM-006809,PAY-05,PRV-0020,2025-07-26,4641.63,3940.66
CLM-006833,PAY-05,PRV-0062,2025-07-26,2492.01,3050.9
CLM-006865,PAY-02,PRV-0064,2025-07-26,4494.13,3770.68
CLM-006877,PAY-04,PRV-0022,2025-07-26,2397.38,434.21
CLM-006894,PAY-01,PRV-0018,2025-07-26,425.81,4465.66
CLM-006985,PAY-03,PRV-0016,2025-07-26,4683.92,1518.77
CLM-007003,PAY-02,PRV-0028,2025-07-26,4026.3,124.67
CLM-007071,PAY-03,PRV-0018,2025-07-26,1027.66,521.37
CLM-007185,PAY-04,PRV-0014,2025-07-26,2324.98,2088.27
CLM-007282,PAY-04,PRV-0030,2025-07-26,1198.16,448.88
CLM-007418,PAY-03,PRV-0061,2025-07-26,4603.76,670.27
CLM-007436,PAY-03,PRV-0014,2025-07-26,1585.55,2938.82
CLM-007459,PAY-05,PRV-0009,2025-07-26,1176.15,445.89
CLM-007465,PAY-03,PRV-0048,2025-07-26,1236.23,2731.07
CLM-007480,PAY-04,PRV-0042,2025-07-26,1581.64,986.95
CLM-007499,PAY-01,PRV-0052,2025-07-26,2066.04,2175.34
CLM-007529,PAY-04,PRV-0028,2025-07-26,3890.76,2434.92
CLM-007543,PAY-01,PRV-0042,2025-07-26,985.9,3651.78
CLM-007551,PAY-03,PRV-0056,2025-07-26,2848.1,770.77
CLM-007621,PAY-02,PRV-0021,2025-07-26,3626.39,2705.33
CLM-007665,PAY-05,PRV-0059,2025-07-26,2942.17,3618.85
CLM-007671,PAY-04,PRV-0019,2025-07-26,3243.82,3700.25
CLM-007726,PAY-03,PRV-0022,2025-07-26,3346.16,3622.78
CLM-007738,PAY-05,PRV-0019,2025-07-26,3011.85,1694.49
CLM-007756,PAY-02,PRV-0046,2025-07-26,2276.53,2645.92
CLM-007866,PAY-01,PRV-0080,2025-07-26,1047.92,692.69
CLM-007988,PAY-01,PRV-0041,2025-07-26,2180.54,4201.92
