provider_id,provider_name,specialty
PRV-0001,Provider 1,CARDIO
PRV-0002,Provider 2,PCP
PRV-0003,Provider 3,CARDIO
PRV-0004,Provider 4,ED
PRV-0005,Provider 5,PCP
PRV-0006,Provider 6,CARDIO
PRV-0007,Provider 7,CARDIO
PRV-0008,Provider 8,ED
PRV-0009,Provider 9,RAD
PRV-0010,Provider 10,RAD
PRV-0011,Provider 11,PCP
PRV-0012,Provider 12,PCP
PRV-0013,Provider 13,CARDIO
PRV-0014,Provider 14,ORTHO
PRV-0015,Provider 15,ORTHO
PRV-0016,Provider 16,PCP
PRV-0017,Provider 17,RAD
PRV-0018,Provider 18,PCP
PRV-0019,Provider 19,ORTHO
PRV-0020,Provider 20,ORTHO
PRV-0021,Provider 21,CARDIO
PRV-0022,Provider 22,ED
PRV-0023,Provider 23,CARDIO
PRV-0024,Provider 24,RAD
PRV-0025,Provider 25,ED
PRV-0026,Provider 26,CARDIO
PRV-0027,Provider 27,CARDIO
PRV-0028,Provider 28,PCP
PRV-0029,Provider 29,ED
PRV-0030,Provider 30,CARDIO
PRV-0031,Provider 31,CARDIO
PRV-0032,Provider 32,CARDIO
PRV-0033,Provider 33,ORTHO
PRV-0034,Provider 34,ORTHO
PRV-0035,Provider 35,CARDIO
PRV-0036,Provider 36,PCP
PRV-0037,Provider 37,ED
PRV-0038,Provider 38,RAD
PRV-0039,Provider 39,ED
PRV-0040,Provider 40,PCP
PRV-0041,Provider 41,ED
PRV-0042,Provider 42,CARDIO
PRV-0043,Provider 43,PCP
PRV-0044,Provider 44,PCP
PRV-0045,Provider 45,RAD
PRV-0046,Provider 46,ED
PRV-0047,Provider 47,ORTHO
PRV-0048,Provider 48,RAD
PRV-0049,Provider 49,RAD
PRV-0050,Provider 50,RAD
PRV-0051,Provider 51,PCP
PRV-0052,Provider 52,CARDIO
PRV-0053,Provider 53,ED
PRV-0054,Provider 54,RAD
PRV-0055,Provider 55,ED
PRV-0056,Provider 56,RAD
PRV-0057,Provider 57,RAD
PRV-0058,Provider 58,ED
PRV-0059,Provider 59,RAD
PRV-0060,Provider 60,ED
PRV-0061,Provider 61,PCP
PRV-0062,Provider 62,RAD
PRV-0063,Provider 63,CARDIO
PRV-0064,Provider 64,ORTHO
PRV-0065,Provider 65,CARDIO
PRV-0066,Provider 66,ED
PRV-0067,Provider 67,PCP
PRV-0068,Provider 68,ORTHO
PRV-0069,Provider 69,PCP
PRV-0070,Provider 70,PCP
PRV-0071,Provider 71,RAD
PRV-0072,Provider 72,ED
PRV-0073,Provider 73,CARDIO
PRV-0074,Provider 74,ED
PRV-0075,Provider 75,ED
PRV-0076,Provider 76,RAD
PRV-0077,Provider 77,PCP
PRV-0078,Provider 78,CARDIO
PRV-0079,Provider 79,ORTHO
PRV-0080,Provider 80,RAD
